제휴사 코드,상품 코드,상품명,이미지 URL,Nothing, 대분류 카테고리명,중분류 카테고리명,소분류 카테고리명,세분류 카테고리명,제조사
980465,ED903,1545514069,바풀 [바풀] SN 181104 풍기인견 속바지 3부 훌라바지 (100 사이즈),http://image2.lotteimall.com/goods/69/40/51/1545514069_1.jpg,0,의류,언더웨어,내의/내복,없음,에스비아이이너웨어
2150278,TH201,3066034178,[흄(HUM)] W몰 HUM 여성 다이아 퀼팅 경량 다운조끼 FHOWCVE542,http://cdn.011st.com/11dims/resize/300x300/quality/75/11src/pd/20/0/3/4/1/7/8/OglTa/3066034178_B.jpg,42250,의류,상의,조끼,여성,해당없음
3226523,EE715,B418199053,엠씨엔 MCN 버블 라이딩 스커트,http://image.auction.co.kr/itemimage/17/09/fa/1709fa5c50.jpg,33190,의류,하의,스포츠스커트,자전거의류,[불명]
820951,ED903,1550884589,캘빈클라인 언더웨어 여성 CK블랙 스프링 로즈 AF 푸쉬업 발코넷 세트 QF5900AD_QF5903AD_101,http://image2.lotteimall.com/goods/89/45/88/1550884589_1.jpg,163340,의류,언더웨어,여성 세트,없음,PVH코리아c
1155215,EE128,1803401368,발렌시아가 발렌시아가 570811 THV78 1300 남성 B..(570811 THV78 130002),http://gdimg1.gmarket.co.kr/goods_image2/large_jpgimg/180/340/1803401368.jpg?ver=10759942891,0,의류,상의,티셔츠,남성,기타
2719205,EE715,B817595145,Burberry 버버리 8022731 W OXCLOSE 524 여성 옥스클,http://image.auction.co.kr/itemimage/1d/ea/56/1dea565da0.jpg,863520,의류,아우터,코트,여성,없음
818167,ED905,90959630,[FILA] 백화점 동일 상품여성 브라 브리프 FI4BAA1041F_SETBF_RED (FILA_FI4BAA1041F_SETBF_RED_),https://photo.akmall.com/image0/goods/90/95/96/30/90959630_M_500.jpg,21660,의류,언더웨어,여성 세트,없음,㈜휠라코리아
4526886,EE715,B826345202,나이키 NSW 클럽  브러시트 백 플리스 조거 팬츠 남색 BV2671-410_Y,http://image.auction.co.kr/itemimage/1b/f1/d1/1bf1d14b70.jpg,66350,의류,하의,바지,스포츠의류,없음
1982451,TQB02,1259025468,[카드 5% 할인]닐바렛 (AK몰)(닐바렛)(닐바렛)엠보배색 지오메트릭 니트/BMA538V B618C 1595,http://image.g9.co.kr/g/1259025468/n,725760,의류,상의,니트,남성,기타
4657969,EE715,B640032062,[AK플라자]케이스위스 (AK플라자) 케이스위스  남성 트리코트 피케 저지세트4219FJ132,http://image.auction.co.kr/itemimage/18/1b/28/181b28b0e0.jpg,88450,의류,세트,세트,스포츠의류,없음
4661536,EE128,1703069977,푸마 92894902 단체 트레이닝복 수트 (14260337),http://gdimg1.gmarket.co.kr/goods_image2/large_jpgimg/170/306/1703069977.jpg?ver=11363643559,87190,의류,세트,세트,스포츠의류,기타
4677851,EE715,B713379601,풋볼플레이 트랙 수트(65647115)/ 푸마,http://image.auction.co.kr/itemimage/19/a5/80/19a58021a0.jpg,40730,의류,세트,세트,스포츠의류,없음
2970789,TQB02,1719368862,[카드 5% 할인][롯데아이몰][파파브로] 남성 겨울 다운라이크 캐주얼 롱 패딩 점퍼 DW-LPD9-60M-블랙,http://image.g9.co.kr/g/1719368862/n,56520,의류,아우터,점퍼,남성,기타
3368053,TN118,1000032680048,[신세계백화점][19S/S] 여성 롱기장 사이드 로고포인트 방풍 DWWJ42911JJWJ,http://item.ssgcdn.com/48/00/68/item/1000032680048_i1_350.jpg,0,의류,아우터,점퍼,등산의류,F&F
4692801,EE128,1803838284,엠씨엔 [엠씨엔] 자전거의류 5종 오캄 긴팔+바지+백팩+잡화,http://gdimg1.gmarket.co.kr/goods_image2/large_jpgimg/180/383/1803838284.jpg?ver=10718304304,284490,의류,세트,세트,자전거의류,기타
1423020,ED901,1000043812572,578133 THV63 1000 20S 여성반팔,http://item.ssgcdn.com/72/25/81/item/1000043812572_i1_350.jpg,574600,의류,상의,티셔츠,여성,발렌시아가
3130732,EE128,1896674776,지오다노 [AK수원점][지오다노] 370905 크루넥 경량 다운자켓 (6344060),http://gdimg1.gmarket.co.kr/goods_image2/large_jpgimg/189/667/1896674776.jpg?ver=11362259618,48690,의류,아우터,점퍼,여성,기타
4692223,TN920,3408054926,AK온라인몰 스페란자 반팔져지+5부타이즈 K56오렌지 의류세트 AKMALL,http://img4.tmon.kr/cdn3/deals/2020/09/19/3408054926/catlist_3col_v2_19ebe_mgdlw.jpg,115740,의류,세트,세트,자전거의류,없음
4052112,EE715,C205294829,푸마 Sak 푸마 23 캐쥬얼 후디(65698803),http://image.auction.co.kr/itemimage/1e/24/0b/1e240b8f30.jpg,41930,의류,상의,티셔츠,스포츠의류,없음
1481560,TLB17,13640720,[바보사랑]슈퍼크록 뉴 잭팟 클래식 티셔츠 민트 슈퍼크록 뉴 잭팟 클래식 티셔츠 민트,http://image.hnsmall.com/images/goods/720/13640720_g.jpg,33250,의류,상의,티셔츠,남녀공용,제이투컴퍼니
309035,EE715,B890199614,트라이 패션 트렁크 5종 1세트_P069456385,http://image.auction.co.kr/itemimage/1d/7d/c3/1d7dc3c680.jpg,14550,의류,언더웨어,남성 팬티,없음,없음
1563339,ED905,90531222,[라코스테 공식판매]  [라코스테] 남성 코튼 혼방 오토만 폴로 DH2881-20C_C31,https://photo.akmall.com/image2/goods/90/53/12/22/90531222_M_500.jpg,82770,의류,상의,티셔츠,남녀공용,동일드방레
4548421,ED904,29780599,[AK분당][아디다스 오리지널] EA2475 콘디보 20 트레이닝 팬츠,http://product-image.prod-nsmall.com/itemimg/9/29/599/29780599_N.jpg,45400,의류,하의,바지,스포츠의류,adidasAG/ 아디다스코리아(유)
2217732,ED905,90694280,[AK분당점]★2020F/W신상품★  [라코스테남성]테이퍼드핏 가을 슬랙스HH446E-20C(2컬러),https://photo.akmall.com/image0/goods/90/69/42/80/90694280_M_500.jpg,208050,의류,하의,바지,남성,(주)동일드방레
2943597,ED907,2101303642,"[씨티카드7.0%할인:781,580원~10/23][오프화이트] OWJG004E18952052 1001 여성 가죽자켓",https://imagessl.hyundaihmall.com/static/6/3/30/01/2101303642_0_140.jpg,840400,의류,아우터,자켓,여성,오프화이트
841520,TH201,2756397452,[현대백화점][CK 언더웨어]캘빈클라인 언더웨어 CK ONE 코튼 데미 브라+비키니 SET [QF5732AD/5735-100],http://cdn.011st.com/11dims/resize/300x300/quality/75/11src/pd/20/3/9/7/4/5/2/vFOJM/2756397452_B.jpg,0,의류,언더웨어,여성 세트,없음,PVH코리아
1117639,EE128,1799705890,스톤아일랜드 (AK몰)(스톤아일랜드)(스톤아일랜드) 721960208 V0020 남성 후드티셔츠,http://gdimg1.gmarket.co.kr/goods_image2/large_jpgimg/179/970/1799705890.jpg?ver=11251701200,534290,의류,상의,티셔츠,남성,기타
3719097,TP40F,P1335049224,밀레 여성 LD 메가쿨2 라운드 티셔츠 MVPUT-806 그레이,http://img1a.coupangcdn.com/image/vendor_inventory/ba3d/414302ee40760d5845183fddde8948820af16ee22861a350ca281bf2e40a.jpg,29400,의류,상의,티셔츠,등산의류,없음
2362965,EE715,B800130759,CP COMPANY CP컴퍼니 20SS 08CMPA119A 999 카고 팬츠,http://image.auction.co.kr/itemimage/1d/fd/94/1dfd94aea0.jpg,274150,의류,하의,바지,남성,없음
3828760,TN118,1000047933713,레터링 반팔 티셔츠 (32YA9156),http://item.ssgcdn.com/13/37/93/item/1000047933713_i1_350.jpg,15624,의류,상의,티셔츠,스포츠의류,한국미즈노 주식회사
806432,ED909,65037284,DB_ 비너스 C컵 D컵 블랙컬러 여름 쿨 속옷세트 VBR0920C VBR0920D VPT0920H,http://itemimage.cjmall.com/goods_images/65/284/65037284L.jpg?timestamp=20201023032227,78020,의류,언더웨어,여성 세트,없음,(주)신영와코루
3408773,TN920,3376877602,패션플러스 [밀레]밀레 남성 트릴로지 자켓 MXPUJ 106 블루 NO.1 패션전문 온라인몰,http://img4.tmon.kr/cdn3/deals/2020/04/09/3376877602/catlist_3col_v2_62ec0_y2ftn.jpg,0,의류,아우터,점퍼,등산의류,없음
1249622,TH201,2977595025,[에디션]V넥 면감이좋은긴팔티셔츠 NEA3TR1903(LGR),http://cdn.011st.com/11dims/resize/300x300/quality/75/11src/pd/20/5/9/5/0/2/5/jcnlT/2977595025_B.jpg,62510,의류,상의,티셔츠,남성,신성통상
3965375,TN920,3250414654,나이키 남성 NSW JDI 스우시 반팔티셔츠  AR5006 657  국내배송 나이키 정품 국내배송,http://img2.tmon.kr/cdn3/deals/2020/03/13/3250414654/catlist_3col_v2_7c667_x8rad.jpg,0,의류,상의,티셔츠,스포츠의류,없음
3792553,TP40F,P1469512687,머렐 하절 남성 배색포인트 기본 반팔 라운드 티셔츠 5219TR201 202 203 204,http://img1a.coupangcdn.com/image/vendor_inventory/8d59/c961695ed8782d2564145e4f5fcea9c7b85cf5b7184dc55979e2e61f5b26.jpg,0,의류,상의,티셔츠,등산의류,없음
3012804,EE128,1785974896,스톤아일랜드 [스톤아일랜드]20SS 721960107 V0029 쉐도우,http://gdimg1.gmarket.co.kr/goods_image2/large_jpgimg/178/597/1785974896.jpg?ver=10454833836,518040,의류,아우터,점퍼,남성,기타
1167979,ED905,87250742,[타미힐피거] [남성] 코튼 텍스쳐 컬러 블록 반소매 티셔츠 T12A1TPO150MT2 C7H,https://photo.akmall.com/image2/goods/87/25/07/42/87250742_M_500.jpg,0,의류,상의,티셔츠,남성,TOMMY HILFIGER
2058051,ED910,6814748750,[롯데백화점][몽클레르] 19FW 스팽글 로고 풀오버 캐시미어 니트 스웨터 9055850 A9234 988,http://openimage.interpark.com/goods_image/8/7/5/0/6814748750s.jpg,761460,의류,상의,니트,여성,몽클레어
1414393,ED910,7456277191,[현대백화점 부산점] 지오다노 320921 크루넥 맨투맨,http://openimage.interpark.com/goods_image/7/1/9/1/7456277191s.jpg,17150,의류,상의,티셔츠,여성,없음
541304,TH201,2690588134,리바이스바디웨어 투호스로고 노와이어 여팬티RD헴 LSWPV602,http://cdn.011st.com/11dims/resize/300x300/quality/75/11src/pd/20/5/8/8/1/3/4/PFcyb/2690588134_B.jpg,10230,의류,언더웨어,여성 팬티,없음,(주)좋은사람들리바이스 바디웨어
476228,TLB17,18003001,[휠라언더웨어]FILA  숄토  솔리드 남성드로즈 블랙 (FI4DRC2409M_BLK) P078929719,http://image.hnsmall.com/images/goods/001/18003001_g.jpg,8840,의류,언더웨어,남성 팬티,없음,하프클럽
1558815,ED907,2102002090,[현대백화점] [타미진] 공용 코튼 박스로고 반소매 티셔츠(T32A1TTO063MT6) +할인쿠폰,https://imagessl.hyundaihmall.com/static/0/2/00/02/2102002090_0_140.jpg,0,의류,상의,티셔츠,남녀공용,(주) 한섬
3001202,ED903,1365985633,무스너클 [무스너클][유니코] 18FW 남성 웨스트 고어 롱 패딩 (MK8610_MMWP_310_18F),http://image2.lotteimall.com/goods/33/56/98/1365985633_1.jpg,1387720,의류,아우터,점퍼,남성,무스너클
2976771,EE128,1716628054,스톤아일랜드 스톤아일랜드 남성 크링클랩스 다운 다크그레이 패딩 711540223 V0067,http://gdimg1.gmarket.co.kr/goods_image2/large_jpgimg/171/662/1716628054.jpg?ver=11354816422,988400,의류,아우터,점퍼,남성,기타
2407389,EE128,1754566425,CP컴퍼니 렌즈 08CMBE211A 005694G 878 남자 카고 반바지/ 씨피컴퍼니,http://gdimg1.gmarket.co.kr/goods_image2/large_jpgimg/175/456/1754566425.jpg?ver=11348009712,151990,의류,하의,바지,남성,기타
1204824,ED908,63450823,[다나와 5% 추가할인][롯데백화점][타미진]공용 세르파 후드집업 T32A9TTO075MT2Y,http://image.gsshop.com/image/63/45/63450823_L1.jpg,119700,의류,상의,티셔츠,남성,상세참조
1171501,EE309,LE1203603678,프레드페리 [S/S상품] 플레인 프레드 페리 셔츠 [The Fred Perry Shirt] (906)AFPM2016000,https://contents.lotteon.com/itemimage/_v043910/LE/12/03/60/36/78/_1/21/88/32/89/9/LE1203603678_1218832899_1.jpg,0,의류,상의,티셔츠,남성,없음
3362264,ED903,1566574685,"머렐(레저) 여성 롱 기장 벤츠다운 5219OD450,451",http://image2.lotteimall.com/goods/85/46/57/1566574685_1.jpg,89210,의류,아우터,점퍼,등산의류,베트남
3474499,EE715,B703363992,케이스위스 케이스위스 신상바람막이 자켓 K292JK154RD,http://image.auction.co.kr/itemimage/19/74/57/1974579040.jpg,62690,의류,아우터,점퍼,스포츠의류,없음
2846143,ED901,1000042505972,흄 GD01 봄 트래커점퍼 F-HOS-CUV142-M (S5195163),http://item.ssgcdn.com/72/59/50/item/1000042505972_i1_350.jpg,65550,의류,아우터,자켓,남성,(주)케이브랜즈
4533958,ED908,56423521,[다나와 5% 추가할인][현대백화점]케이스위스  115PT4220 남성봄여름면폴리혼방져지조거팬츠트레이,http://image.gsshop.com/image/56/42/56423521_L1.jpg,38280,의류,하의,바지,스포츠의류,화승
1485732,TH201,2773641823,[현대백화점][캉골] 캉골 엑티브 티셔츠 2622 화이트 (의류/라운드티셔츠/반팔티),http://cdn.011st.com/11dims/resize/300x300/quality/75/11src/pd/20/6/4/1/8/2/3/Lvwgd/2773641823_B.jpg,44000,의류,상의,티셔츠,남녀공용,㈜에스제이그룹
3696979,TH201,1190745084,아덴 바이크 웨어 윈터 자켓 방풍 방한 져지 자전거 사이클 MTB 상의,http://cdn.011st.com/11dims/resize/300x300/quality/75/11src/pd/17/7/4/5/0/8/4/1190745084_B.jpg,159900,의류,아우터,점퍼,자전거의류,상품상세설명 참조
1545018,EE128,1767688217,[현대백화점]캉골 (현대백화점)[캉골] 캉골 엑티브 티셔츠 2622 화이트,http://gdimg1.gmarket.co.kr/goods_image2/large_jpgimg/176/768/1767688217.jpg?ver=10926719078,41700,의류,상의,티셔츠,남녀공용,캉골
4624394,TH201,2054280716,[엠씨엔] MCN9부패드바지 블루마린 자전거의류 자전거바지 하의,http://cdn.011st.com/11dims/resize/300x300/quality/75/11src/pd/18/2/8/0/7/1/6/IukKE/2054280716_B.jpg,0,의류,하의,바지,자전거의류,상품상세설명 참조
3753625,EE128,1884793970,블랙야크 [블랙야크] 남성 가을 티셔츠 M머큐리티셔츠 1,http://gdimg1.gmarket.co.kr/goods_image2/large_jpgimg/188/479/1884793970.jpg?ver=11241942431,0,의류,상의,티셔츠,등산의류,기타
392071,ED910,7271898216,[롯데아이몰][헤드] [TOP] 언더웨어 남성 모션 드로즈 3종 B,http://openimage.interpark.com/goods_image/8/2/1/6/7271898216s.jpg,25170,의류,언더웨어,남성 팬티,없음,없음
4583053,EE128,1788116053,핑 남성 스트레치 하프 팬츠 11292PS901.1,http://gdimg1.gmarket.co.kr/goods_image2/large_jpgimg/178/811/1788116053.jpg?ver=10539116538,0,의류,하의,바지,골프의류,기타
3414618,TLC16,LE1203969284,블랙야크 남성 기능성고어텍스자켓 B1XS1자켓 LE1203969284,https://contents.lotteon.com/itemimage/_v051902/LE/12/03/96/92/84/_1/22/10/17/04/3/LE1203969284_1221017043_1.jpg,0,의류,아우터,점퍼,등산의류,없음
4467013,ED910,7289591694,전사이즈입고/나이키 남성긴바지/805163-010-H0625,http://openimage.interpark.com/goods_image/1/6/9/4/7289591694s.jpg,104020,의류,하의,바지,스포츠의류,없음
543883,TH201,2210932294,[태창][태창] 여성 플라워 레이스 팬티 MLWP449202_25,http://cdn.011st.com/11dims/resize/300x300/quality/75/11src/pd/20/9/3/2/2/9/4/GIMDi/2210932294_B.jpg,4430,의류,언더웨어,여성 팬티,없음,㈜이랜드월드
569628,EE715,B788997309,BYC  센스포인트나염미디삼각팬티3매입 BYX0361,http://image.auction.co.kr/itemimage/1b/34/b0/1b34b0d6f0.jpg,15820,의류,언더웨어,여성 팬티,없음,없음
1549511,TQB02,1659458179,[현대백화점]캉골 (현대백화점)[캉골] 클럽 오버사이즈 스웨트셔츠 1613 블루 (의류/라운드티셔츠/맨투맨),http://image.g9.co.kr/g/1659458179/n,0,의류,상의,티셔츠,남녀공용,기타
1694055,TN118,1000054144080,오버 숄더 투포켓 긴팔 셔츠,http://item.ssgcdn.com/80/40/14/item/1000054144080_i1_350.jpg,19168,의류,상의,셔츠,남성,(주)단군기획
615565,ED910,6656227200,비비안/AK수원점비비안60수 면100 남성런닝 RU1360,http://openimage.interpark.com/goods_image/7/2/0/0/6656227200s.jpg,0,의류,언더웨어,남성 런닝,없음,없음
2509854,TQ612D,9600109,[투미/2ME] [2ME] 코튼스키니팬츠(TMTW44902C_BE)(9600109),http://image.istyle24.com/upload/productImage/0000004156/20170227/9600109_L.jpg,10900,의류,하의,바지,여성,(주)이랜드월드
1104844,TH201,2584458609,구찌 로고 벨벳 맨투맨 19FW 595795 XJBTC 1082,http://cdn.011st.com/11dims/resize/300x300/quality/75/11src/pd/20/4/5/8/6/0/9/Gnihd/2584458609_B.jpg,934080,의류,상의,티셔츠,남성,구찌  ㈜렛츠밀란커머스 병행수입)
638608,TH201,3046103688,BYC 남성 순면 민소매 골런닝 C2113,http://cdn.011st.com/11dims/resize/300x300/quality/75/11src/pd/20/1/0/3/6/8/8/ZORuv/3046103688_B.jpg,0,의류,언더웨어,남성 런닝,없음,BYC / BYC
2985027,ED910,7118466127,크롬 렌즈 08CMOS027A 005148G 499 남자 오버 셔츠 자켓 08CMOS027A005148G499_8713001,http://openimage.interpark.com/goods_image/6/1/2/7/7118466127s.jpg,322490,의류,아우터,점퍼,남성,없음
1807520,TQB02,1786673818,[롯데백화점1관]T22A1WSH062WT2(린넨혼방 스트라이프 셔츠),http://image.g9.co.kr/g/1786673818/n,0,의류,상의,셔츠,여성,기타
897774,EE128,1873400593,트라이 [국민속옷트라이] 남) 긴팔 나염 파자마 D12,http://gdimg1.gmarket.co.kr/goods_image2/large_jpgimg/187/340/1873400593.jpg?ver=11256075912,30420,의류,언더웨어,잠옷/홈웨어,없음,기타
826764,ED910,7480190018,[롯데아이몰][비너스] (VBR0890F VPT0890H)  미라클 후레쉬 브라햄팬티 세트F컵 VBR0890F VPT08,http://openimage.interpark.com/goods_image/0/0/1/8/7480190018s.jpg,39590,의류,언더웨어,여성 세트,없음,신영와코루
1199867,TSC33D,977502,[메종키츠네] (AM00301KM0001 GREY MELANGE) 남성 맨투맨 20SS,https://d15jp4iwerkqw1.cloudfront.net/images/deals/4c123ba086a547e5a4ecebdf15912e48.jpg?w=500,152640,의류,상의,티셔츠,남성,없음
355292,ED909,55858576,[라코스테 언더웨어] LF102 네이비마크,http://itemimage.cjmall.com/goods_images/55/576/55858576L.jpg?timestamp=20201023032544,47410,의류,언더웨어,남성 팬티,없음,라코스테
985897,TH201,3050887445,YWH830255팬티 겸 순면 SIZE [삼신][할머니팬티]BIG 사각속바지,http://cdn.011st.com/11dims/resize/300x300/quality/75/11src/pd/20/8/8/7/4/4/5/JnCjn/3050887445_B.jpg,0,의류,언더웨어,내의/내복,없음,삼신
828482,EE715,B443446434,캘빈클라인언더웨어 (현대Hmall) 캘빈클라인 언더웨어  CK 여성 브라+티팬티 세트 QF1712+D3509 2종 택1,http://image.auction.co.kr/itemimage/12/1f/2c/121f2cfb00.jpg,60390,의류,언더웨어,여성 세트,없음,캘빈클라인언더웨어
1348632,ED905,88787429,[라벨루쏘] [메종 키츠네] AW00302KM0002 BK 트리컬러 폭스 패치 여성 맨투맨,https://photo.akmall.com/image4/goods/88/78/74/29/88787429_M_500.jpg,258400,의류,상의,티셔츠,여성,메종 키츠네
4258844,ED910,7496978416,[갤러리아]  빈폴스포츠  남성 B TWN 경량 다운 베스트 BO9938D02,http://openimage.interpark.com/goods_image/8/4/1/6/7496978416s.jpg,29830,의류,상의,조끼,스포츠의류,없음
33151,ED910,4239258524,여자 남자니플밴드 유두스티커 패치 가리개 커버,http://openimage.interpark.com/goods_image/8/5/2/4/4239258524s.jpg,5200,의류,언더웨어,패드/소품,없음,없음
1368899,EE309,LE1203876126,프레드페리 [S/S상품]쉐브론 폴로 셔츠Chevron Detail Polo Shirt(E79)AFPF2018120,https://contents.lotteon.com/itemimage/LE/12/03/87/61/26/_1/22/04/41/39/7/LE1203876126_1220441397_1.jpg,0,의류,상의,티셔츠,여성,없음
452140,ED910,7286696032,CJ [푸마] NEW 남성 심리스 8차 드로즈 3종 D,http://openimage.interpark.com/goods_image/6/0/3/2/7286696032s.jpg,26480,의류,언더웨어,남성 팬티,없음,없음
2109652,TQB02,1749090376,[현대백화점]써스데이아일랜드 (현대백화점)써스데이아일랜드(T202MCD136)페이즐리 자수 포인트 숏 가디건,http://image.g9.co.kr/g/1749090376/n,0,의류,상의,가디건,여성,기타
4336553,ED908,61683514,[다나와 5% 추가할인][롯데백화점][머렐]남성 스포티 반바지 5219PH235 236,http://image.gsshop.com/image/61/68/61683514_L1.jpg,23750,의류,하의,바지,등산의류,(주)화승
415615,TQB02,1832285285,[카드 5% 할인][롯데닷컴](하프클럽 바디웨어)HIT 남성 면스판 드로즈 3종 랜덤1종 D/ 푸마,http://image.g9.co.kr/g/1832285285/n,27880,의류,언더웨어,남성 팬티,없음,기타
2107694,TQB02,1741514463,[롯데백화점2관]톰브라운 [톰브라운_잡화] 20SS 여성 FJT069A 00535 055 사선 완장 브이넥 가디건,http://image.g9.co.kr/g/1741514463/n,0,의류,상의,가디건,여성,기타
3033250,EE128,1735745736,[CP컴퍼니] (08CMOS026A 005148G 999) 남성 자켓 20SS,http://gdimg1.gmarket.co.kr/goods_image2/large_jpgimg/173/574/1735745736.jpg?ver=9324817449,0,의류,아우터,점퍼,남성,기타
1701779,TN118,1000048975560,지오지아 린넨코튼 포켓패치 반팔셔츠 ABA2WC1201_P081265354,http://item.ssgcdn.com/60/55/97/item/1000048975560_i1_350.jpg,0,의류,상의,셔츠,남성,ZIOZIA
3000447,TS606,9285123,탑스타 스톤아일랜드 19FW 남성 가먼트 클링클랩스 다운 패딩 올리브 711540223 V0068,https://cdn.mustit.co.kr/lib/upload/product/topstar/2019/12/1576718127-28.jpg/_dims_/resize/500x500/extent/500x500,1083000,의류,아우터,점퍼,남성,없음
3062929,TH201,2773321170,[몽클레어] 20SS 남성 패딩 믹스 자켓 (9B50000_V9059_742_20S),http://cdn.011st.com/11dims/resize/300x300/quality/75/11src/pd/20/3/2/1/1/7/0/aWdTl/2773321170_B.jpg,1050560,의류,아우터,점퍼,남성,병행수입(유니코)
4575473,ED903,1596886164,케이스위스 신축성이 좋은 폴리스판 담보루 남성 저지트레이닝바지 4219FJ317,http://image2.lotteimall.com/goods/64/61/88/1596886164_1.jpg,20250,의류,하의,바지,스포츠의류,화승
385777,TQB02,1843712066,[카드 5% 할인][NS홈쇼핑]아디다스  NEW 남성 아이스 쿨 패키지 5종 택일,http://image.g9.co.kr/g/1843712066/n,51610,의류,언더웨어,남성 팬티,없음,기타
2455002,EE128,1341470653,디스퀘어드  메탈로고 그레이진_클레멘트핏/74LB0313,http://gdimg1.gmarket.co.kr/goods_image2/large_jpgimg/134/147/1341470653.jpg,530060,의류,하의,바지,남성,기타
3049366,EE128,960472630,골든구스 스트라이프 카라 코치자켓/G30MP543 A6/ 골든구스,http://gdimg1.gmarket.co.kr/goods_image2/large_jpgimg/960/472/960472630.jpg?ver=11357674029,341970,의류,아우터,점퍼,남성,기타
2663408,EE715,B910017031,지오지아  지오지아  W몰 지퍼스냅 히든장식 트랜치 맥코트 ABA3CG1101 DNV 네이비,http://image.auction.co.kr/itemimage/1d/fc/19/1dfc198430.jpg,140860,의류,아우터,코트,남성,없음
1207335,ED903,1602914614,라코스테 [공식] 라코스테 [공식] 라코스테 남성 클래식 긴팔 폴로 L132E-20C_HD1,http://image2.lotteimall.com/goods/14/46/91/1602914614_1.jpg,128810,의류,상의,티셔츠,남성,동일드방레
1298212,EE715,B830184581,오프화이트  20SS 남성 WAVY 라인 반팔티 (OMAA027R20185004_1001,http://image.auction.co.kr/itemimage/1c/05/5d/1c055dd840.jpg,406650,의류,상의,티셔츠,남성,오프화이트
2259792,TT336E,3902071506,《시나코바》20SS 스톤아일랜드 와팬 숏팬츠 721563460 V0020,https://img020.feelway.com/3902/smallbd77pd3902071506ed1.jpg,295000,의류,하의,바지,남성,없음
955985,TQB02,1664642892,[카드 5% 할인][AK플라자]트라이엄프 [트라이엄프]여성 80수 주자 도트 여성잠옷(TWJ0858),http://image.g9.co.kr/g/1664642892/n,88660,의류,언더웨어,잠옷/홈웨어,없음,기타
1080832,TN118,1000044342627,지이크F 봄여름 오버핏컬러블러킹티셔츠FX-IBE8784,http://item.ssgcdn.com/27/26/34/item/1000044342627_i1_350.jpg,0,의류,상의,티셔츠,남성,(주)모다이노칩 순천점
3486959,ED910,4537927126,MIZUNO 미즈노 프로 동계 트레이닝복 상의 8408 진회,http://openimage.interpark.com/goods_image/7/1/2/6/4537927126s.jpg,0,의류,아우터,점퍼,스포츠의류,미즈노
979363,TN920,4303548530,다이소몰 BYT6655 BYC 남자 면100 순면 보온 내복 상하 세트 다이소몰,http://img3.tmon.kr/cdn3/deals/2020/09/03/4303548530/catlist_3col_v2_1e7ce_fcqf9.jpg,13780,의류,언더웨어,내의/내복,없음,없음
4394893,ED907,2088636611,[현대백화점] 푸마  남성용 에센셜 스몰로고 면 트레이닝팬츠 블랙  851758 21 푸마짱 +할인쿠폰,https://imagessl.hyundaihmall.com/static/6/6/63/88/2088636611_0_140.jpg,51430,의류,하의,바지,스포츠의류,푸마(PUMA)
4048946,TN920,2295272302,나이키 SB 드라이 DFC 카모 반팔 티 892823 021 제품선택,http://img1.tmon.kr/cdn3/deals/2019/07/26/2295272302/catlist_3col_v2_89587_dwjkz.jpg,27770,의류,상의,티셔츠,스포츠의류,없음
1155469,EE715,B694033605,오프화이트 오프화이트 19SS 블랙 플래닛 티셔츠 OMAA027S191850161088,http://image.auction.co.kr/itemimage/19/44/e7/1944e75ec0.jpg,166660,의류,상의,티셔츠,남성,오프화이트
4289777,TP40F,P1619633093,[갤러리아] blackyak블랙야크 봄 여름 여성용 5부팬츠 M쿨웨이브5팬츠 1BYHPM9504,http://img1a.coupangcdn.com/image/vendor_inventory/1325/f923e1374b7c683e5ae116a486c36ea640f5876a243ba1f465e86d969434.jpg,33930,의류,하의,바지,등산의류,없음
954269,TH201,2533226607,[현대백화점][비너스]은은하고 고급스러운 실크필 꽃나염 남성파자마(VPA3476M),http://cdn.011st.com/11dims/resize/300x300/quality/75/11src/pd/20/2/2/6/6/0/7/cNJyD/2533226607_B.jpg,97320,의류,언더웨어,잠옷/홈웨어,없음,와코루
571091,EE128,1857074435,보디가드 [보디가드] 섹시쿠키 러브엔젤 민트 레이스사각팬티SCWPW414 [P001082369],http://gdimg1.gmarket.co.kr/goods_image2/large_jpgimg/185/707/1857074435.jpg?ver=11110470035,0,의류,언더웨어,여성 팬티,없음,기타
1999006,ED910,7048581142,제이케이샵 [스톤아일랜드] 소프트 코튼 니트 7215510B2 V0093,http://openimage.interpark.com/goods_image/1/1/4/2/7048581142s.jpg,0,의류,상의,니트,남성,없음
2186948,TN920,4064609230,신세계TV쇼핑 파파브로 남성 클래식 모던 여름 양복 슬랙스 수트 정장 팬츠 바지 SY SPS 101 블랙 신세계TV쇼핑,http://img4.tmon.kr/cdn3/deals/2020/07/28/4064609230/catlist_3col_v2_bd5b3_g7ef6.jpg,0,의류,하의,바지,남성,없음
1992024,TH201,2842340186,18S/S 와펜 반집업 니트 네이비 6815522B5 V0020,http://cdn.011st.com/11dims/resize/300x300/quality/75/11src/pd/20/3/4/0/1/8/6/WFrqN/2842340186_B.jpg,339260,의류,상의,니트,남성,바이스트/병행수입
4671676,TN920,3054277294,AK온라인몰 푸마 도르트문트 아이코닉 폴로반팔 75672202 차콜 AK AKMALL,http://img2.tmon.kr/cdn3/deals/2020/09/15/3054277294/catlist_3col_v2_e623c_ll3ki.jpg,39560,의류,세트,세트,스포츠의류,없음
4621859,EE715,B252871131,엠씨엔 여성용 9부패드바지 와일드카모핑크/여성용라이딩바지,http://image.auction.co.kr/itemimage/d3/32/4e/d3324eb00.jpg,63710,의류,하의,바지,자전거의류,MCN스포츠
1685344,EE128,931983859,[레디핏] 일반]퍼플 솔리드셔츠_MS07,http://gdimg1.gmarket.co.kr/goods_image2/large_jpgimg/931/983/931983859.jpg?ver=10242402679,16000,의류,상의,셔츠,남성,기타
4683645,TN920,1948305170,패션플러스 [코웰패션닷컴][리복스포츠] HIT 남성 올웨이즈 라이프수트2종+맨투맨 네이비  2MYFF NO.1 패션전문 온라인몰,http://img4.tmon.kr/cdn3/deals/2020/10/16/1948305170/catlist_3col_v2_122c7_w60q3.jpg,54280,의류,세트,세트,스포츠의류,없음
405634,TH201,2727210390,신축성좋은니트남팬티3매입[BYL3486]/ 비와이씨,http://cdn.011st.com/11dims/resize/300x300/quality/75/11src/pd/20/2/1/0/3/9/0/TIzPb/2727210390_B.jpg,30540,의류,언더웨어,남성 팬티,없음,BYC //BYC
453697,EE128,1779097782,[롯데백화점]캘빈클라인언더웨어 남성 CK 블랙 마이크로 로우 라이즈 트렁크 NB1929_TY1,http://gdimg1.gmarket.co.kr/goods_image2/large_jpgimg/177/909/1779097782.jpg?ver=11084499649,0,의류,언더웨어,남성 팬티,없음,기타
3006124,TLC16,LE1203287253,티아이포맨 19 F/W 오버사이즈 후드 점퍼 (M196MJP103) LE1203287253,https://contents.lotteon.com/itemimage/_v050422/LE/12/03/28/72/53/_1/21/72/13/42/7/LE1203287253_1217213427_1.jpg,0,의류,아우터,점퍼,남성,대상
1313622,EE311,1000036906559,[해외직구] 오프화이트 크롭 맨투맨 OWBA026E19003064 0188,http://item.ssgcdn.com/59/65/90/item/1000036906559_i1_350.jpg,0,의류,상의,티셔츠,여성,OFF WHITE
1346252,EE128,1594604118,발렌시아가 발렌시아가 556107 TYK28 1055 여성반팔,http://gdimg1.gmarket.co.kr/goods_image2/large_jpgimg/159/460/1594604118.jpg?ver=10655440608,280040,의류,상의,티셔츠,여성,기타
742102,TH201,2554470784,aimerfeel 키와미 Raku 브라 (단품) 709513(블랙_BL),http://cdn.011st.com/11dims/resize/300x300/quality/75/11src/pd/20/4/7/0/7/8/4/wLlFZ/2554470784_B.jpg,39400,의류,언더웨어,여성 브래지어,없음,"소쿠고베(주),소쿠고베(주)"
3771855,TN118,1000045561029,남성 사포레 집업 티셔츠 7335435_P062688716,http://item.ssgcdn.com/29/10/56/item/1000045561029_i1_350.jpg,10137,의류,상의,티셔츠,등산의류,네파
1554734,ED910,3779421023,(하프클럽)[구김스] 구김스 1184 텔레포드 유스 서울 넘버링 후드 티셔츠 G15FMH_P025393677,http://openimage.interpark.com/goods_image/1/0/2/3/3779421023s.jpg,34700,의류,상의,티셔츠,남녀공용,구김스
4191999,EE128,1825837078,치즈사이클링 남여공용 TDW 져지 로드 바이크 상의,http://gdimg1.gmarket.co.kr/goods_image2/large_jpgimg/182/583/1825837078.jpg?ver=10144266200,98380,의류,상의,티셔츠,자전거의류,기타
394663,EE311,1000043425057,[아디다스] 남성 38차 레볼루션 드로즈 5종 패키지 A,http://item.ssgcdn.com/57/50/42/item/1000043425057_i1_350.jpg,46320,의류,언더웨어,남성 팬티,없음,씨에프에이주식회사
2182888,EE715,B806618519,지이크 (SIEG FAHRENHEIT) 네이비 보카시 스트레이트 정장 바지(FUPAB2063),http://image.auction.co.kr/itemimage/1b/8d/d1/1b8dd169a0.jpg,0,의류,하의,바지,남성,없음
4623090,TN920,2200231230,폭스라이더스 G105 5부 타이즈 그레이 자전거의류 폭스,http://img3.tmon.kr/cdn3/deals/2019/06/25/2200231230/catlist_3col_v2_651c1_eunue.jpg,87310,의류,하의,바지,자전거의류,없음
3039575,TH201,1938800847,디스퀘어드2 남성 퍼후드 롱 패딩 점퍼 S71AA0275,http://cdn.011st.com/11dims/resize/300x300/quality/75/11src/pd/18/8/0/0/8/4/7/inBIR/1938800847_B.jpg,945380,의류,아우터,점퍼,남성,상품상세설명 참조
1910314,ED901,1000050367750,[신세계백화점][HSSH-0D802] 헤지스레이디스 면혼방 스판 핀 스트라이프 슬림핏 긴팔,http://item.ssgcdn.com/50/77/36/item/1000050367750_i1_350.jpg,135150,의류,상의,셔츠,여성,LF
4192510,EE715,B411316215,폭스레이싱 폭스레이싱 신상 사계절용 에볼루션 롱저지/이태리원단/자전거의류/싸이클복/상의/바이크/져지/mtb/라이딩,http://image.auction.co.kr/itemimage/15/33/41/1533417540.jpg,94330,의류,상의,티셔츠,자전거의류,없음
1145643,TS606,10184224,구찌 로고 프린트 후드티 569828 XJBTR 1299,https://cdn.mustit.co.kr/lib/upload/product/icon/2020/02/1582622514-47.jpg/_dims_/resize/500x500/extent/500x500,1190000,의류,상의,티셔츠,남성,없음
1626519,ED905,86309291,[타미힐피거] [남성] 코튼 스트라이프 긴소매 셔츠 T12A0WSH080MT2 0A4,https://photo.akmall.com/image1/goods/86/30/92/91/86309291_M_500.jpg,0,의류,상의,셔츠,남성,TOMMY HILFIGER
1177164,TN920,3472886966,[겐조]  5SW000 4MD 99  남성 맨투맨 20SS 남성 맨투맨,http://img4.tmon.kr/cdn3/deals/2020/04/28/3472886966/3472886966_catlist_3col_v2_ebe9b1c1e7.jpg,188100,의류,상의,티셔츠,남성,없음
1557918,TN729,124696687_124696687,[구김스] AK몰_구김스 1228_스트라이프 기모 맨투맨_오버핏,https://view01.wemep.co.kr/wmp-product/7/668/124696687/pm_ys6iel5ogvx1.jpg,39190,의류,상의,티셔츠,남녀공용,없음
842438,EE715,B854840977,갤러리아   여  리퀴드 터치 컨투어 브라 비키니 SET QF4082AD / QF5945AD ABH,http://image.auction.co.kr/itemimage/1c/9e/46/1c9e46bd40.jpg,0,의류,언더웨어,여성 세트,없음,없음
982473,TN920,1618061606,하프클럽 [BYC]베이직 여성 내복 세트 BYT6656 하프클럽 브랜드 패션전문몰 NO.1,http://img1.tmon.kr/cdn3/deals/2020/06/03/1618061606/catlist_3col_v2_fdbe5_joavx.jpg,17670,의류,언더웨어,내의/내복,없음,없음
4680481,TN729,255933605_255933605,[케이스위스] AK몰_[케이스위스] 남성 스판 저지트레이닝세트 4219FJ310,https://view01.wemep.co.kr/wmp-product/5/360/255933605/pm_knqalivm7eaa.jpg,55070,의류,세트,세트,스포츠의류,없음
4181753,TH201,1690309237,큐비 여성용 긴팔 져지/자외선 차단/기능성 자전거옷,http://cdn.011st.com/11dims/resize/300x300/quality/75/11src/pd/17/3/0/9/2/3/7/zzaxs/1690309237_B.jpg,130000,의류,상의,티셔츠,자전거의류,MCN
194805,EE309,LE1205465877,타미힐피거 여성 실키 모노그램 미디 셔츠 원피스 T22A7TDR050WT2,https://contents.lotteon.com/itemimage/_v062051/LE/12/05/46/58/77/_1/22/99/13/49/2/LE1205465877_1229913492_1.jpg,169130,의류,세트,원피스,없음,없음
1268774,TH201,3004961125,[아미] 20FW빅하트패치 맨투맨 박시핏 A20HJ037 747 001,http://cdn.011st.com/11dims/resize/300x300/quality/75/11src/pd/20/9/6/1/1/2/5/FsxgS/3004961125_B.jpg,306740,의류,상의,티셔츠,남성,AMI//프랄린(병행수입)
1356548,ED909,61963632,"[가을상품] [정상가 99,000원] [올리비아하슬러] 레터링 스트라이프 티셔츠",http://itemimage.cjmall.com/goods_images/61/632/61963632L.jpg?timestamp=20201023032135,16970,의류,상의,티셔츠,여성,패션그룹형지(주)
4689624,EE128,992273896,엠씨엔 자전거의류세트 테리 레드 빕세트 자전거져지 패드빕,http://gdimg1.gmarket.co.kr/goods_image2/large_jpgimg/992/273/992273896.jpg,195060,의류,세트,세트,자전거의류,기타
4393474,ED903,1604978195,다이나핏 남성 짐마스터 트레이닝 팬츠 YMU19301,http://image2.lotteimall.com/goods/95/81/97/1604978195_1.jpg,83400,의류,하의,바지,스포츠의류,상세참조
725027,TQB02,1816393365,[카드 5% 할인]뉴발란스 (AK몰)(뉴발란스)뉴발란스 NBN992W322-BK 여성 PACE 스포츠브라 크롭탑 크롭탑 브라탑,http://image.g9.co.kr/g/1816393365/n,44750,의류,언더웨어,여성 브래지어,없음,뉴발란스
1270977,TH201,2912319407,[파주점][AND Z(앤드지)]5가지컬러의 넥변형 티셔츠 (BLA2TV1004),http://cdn.011st.com/11dims/resize/300x300/quality/75/11src/pd/20/3/1/9/4/0/7/nTZcG/2912319407_B.jpg,0,의류,상의,티셔츠,남성,신성통상
2179061,EE128,1752972764,디스퀘어드2 디스퀘어드2 S74LB0674 S30663 470 20S 남성청바지,http://gdimg1.gmarket.co.kr/goods_image2/large_jpgimg/175/297/1752972764.jpg?ver=10656402353,414280,의류,하의,바지,남성,기타
3780909,EE128,1771187069,네파 (현대Hmall)NEPA 네파 남성 밴조 라운드 티셔츠 7D35300_FZ,http://gdimg1.gmarket.co.kr/goods_image2/large_jpgimg/177/118/1771187069.jpg?ver=10575617959,0,의류,상의,티셔츠,등산의류,기타
2781222,EE128,1615656461,[신세계백화점]진도끌레베 (신세계의정부점)진도 Klever 후디 휘메일 롱 밍크 코트(K2W3EC61),http://gdimg1.gmarket.co.kr/goods_image2/large_jpgimg/161/565/1615656461.jpg?ver=11182252073,2015200,의류,아우터,코트,여성,기타
342747,EE715,B702070722,리바이스바디웨어  대구백화점 I관   리바이스바디웨어 NB골드밴드 드로즈(LSMDV660),http://image.auction.co.kr/itemimage/19/71/99/1971994a00.jpg,16740,의류,언더웨어,남성 팬티,없음,없음
4499191,EE128,759154024,아디다스 (현대Hmall)아디다스 파르마 16 쇼트(AJ5889) 속팬츠 축구 반바지,http://gdimg1.gmarket.co.kr/goods_image2/large_jpgimg/759/154/759154024.jpg?ver=11110308027,11810,의류,하의,바지,스포츠의류,아디다스
4182291,EE715,B798863048,엠씨엔 MCN 여성용 크리샌서멈 자전거져지 /자전거옷,http://image.auction.co.kr/itemimage/1b/66/98/1b6698e580.jpg,116090,의류,상의,티셔츠,자전거의류,없음
4177457,TH201,2002354675,폭스라이더스 K302 블랙 춘추긴팔져지 자전거의류,http://cdn.011st.com/11dims/resize/300x300/quality/75/11src/pd/18/3/5/4/6/7/5/ODRDF/2002354675_B.jpg,108980,의류,상의,티셔츠,자전거의류,폭스코리아
3408521,ED909,67558653,노스페이스 남여공용 노벨티 시에라 다운 코트 NC1DK54J_BLK,http://itemimage.cjmall.com/goods_images/67/653/67558653L.jpg?timestamp=20201023032558,300200,의류,아우터,점퍼,등산의류,노스페이스(NORTHFACE)
4728684,TH201,2848027044,[바레온] 매쉬 자전거속바지 패드바지 패드속바지,http://cdn.011st.com/11dims/resize/300x300/quality/75/11src/pd/20/0/2/7/0/4/4/wObpf/2848027044_B.jpg,31700,의류,언더웨어,스포츠내의,자전거의류,해당없음
855151,TN920,2506607034,보리보리 [마더스베이비]원터치텐셀도트수유캐미솔 MB99ZAC01 보리보리   유아동 종합쇼핑몰,http://img2.tmon.kr/cdn3/deals/2020/10/16/2506607034/catlist_3col_v2_95f54_dolvr.jpg,26910,의류,언더웨어,임부복,없음,없음
4677421,TN729,213326185_213326185,[아디다스] (현대Hmall)아디다스 스쿼드라17 반팔반바지 세트(BJ9173 BK4766),https://view01.wemep.co.kr/wmp-product/5/618/213326185/pm_0vsrrht45glx.jpg,27170,의류,세트,세트,스포츠의류,없음
4681771,TQB02,1108857357,[카드 5% 할인][신세계몰]나이키 나이키 스우시 트레이닝복 세트 804389-451,http://image.g9.co.kr/g/1108857357/n,146680,의류,세트,세트,스포츠의류,나이키
533435,EE128,1627741868,빅토리아시크릿 빅토리아시크릿 COTTON 로고 티팬티 11151290 4K06,http://gdimg1.gmarket.co.kr/goods_image2/large_jpgimg/162/774/1627741868.jpg?ver=10602141640,22660,의류,언더웨어,여성 팬티,없음,기타
1034742,TT336E,3962833251,20SS 와펜 크루넥 맨투맨 네이비 721563051 V0020,https://img020.feelway.com/3962/smallbd77pd3962833251ed1.jpg,389000,의류,상의,티셔츠,남성,없음
2353595,TP40F,P99012401,A썸머 스판 밴딩 반바지,http://img1a.coupangcdn.com/image/vendor_inventory/images/2018/06/07/23/3/33d420b1-c8da-4615-a81b-2968506912bc.jpg,28460,의류,하의,바지,남성,없음
1401726,TLB17,19176743,[지오다노]여 언브러쉬드테리크루넥아트윅 320921-P P086634624,http://image.hnsmall.com/images/goods/743/19176743_g.jpg,25780,의류,상의,티셔츠,여성,하프클럽
1153514,TH201,3005768715,20FW 로고 패치 카라 라이닝 티셔츠 101522S18 V0020,http://cdn.011st.com/11dims/resize/300x300/quality/75/11src/pd/20/7/6/8/7/1/5/VqzAL/3005768715_B.jpg,177530,의류,상의,티셔츠,남성,상세설명참조
3167643,EE128,1516183612,몽클레어 (4990005 68950 999) 롱 패딩(4A 6A)/ 몽클레어,http://gdimg1.gmarket.co.kr/goods_image2/large_jpgimg/151/618/1516183612.jpg?ver=11197058856,564710,의류,아우터,점퍼,여성,기타
4083614,EE715,B317797517,윌슨 윌슨 전사 카라 반팔티셔츠 (여성) 640F_RE 640F_BK 640F_GR 640F_OR 640F_BL,http://image.auction.co.kr/itemimage/ec/da/0d/ecda0de40.jpg,57520,의류,상의,티셔츠,스포츠의류,없음
1815702,EE128,1832041331,(현대Hmall)[발란타인] SS20 여성 타이 실크 셔츠 (QLH118 UCS24 13838),http://gdimg1.gmarket.co.kr/goods_image2/large_jpgimg/183/204/1832041331.jpg?ver=11092031960,0,의류,상의,셔츠,여성,기타
965325,TH201,3032287142,[현대백화점][비너스][커플잠옷]부드러운 촉감 물실크 실크필 로맨틱 러블리한 잠옷 원피스 세트 VGN4076B_VPA4076M,http://cdn.011st.com/11dims/resize/300x300/quality/75/11src/pd/20/2/8/7/1/4/2/IAaXq/3032287142_B.jpg,191370,의류,언더웨어,잠옷/홈웨어,없음,와코루
2098591,ED907,2097157468,"[현대백화점] [삼성카드5.0%할인:128,210원~09/28]타미힐피거(T12A0KCD050MT2 DW5) 2020년 S/S [남성] 면혼방 스트라이프 목넥 집업 가디건  +할인쿠폰",https://imagessl.hyundaihmall.com/static/4/7/15/97/2097157468_0_140.jpg,0,의류,상의,가디건,남성,(주) 한섬
2012215,ED905,85442065,[톰브라운] 클래식 MKA257A 00011 415 남자 캐시미어 니트,https://photo.akmall.com/image0/goods/85/44/20/65/85442065_M_500.jpg,725810,의류,상의,니트,남성,톰브라운
149891,TP90D,2113529973,[현대백화점] [다나와 8추가할인][삼성카드5%할인~10/25]타미힐피거여성 실키 모노그램 미디원피스 (T22A7TDR050WT2 02G) +무이자6개월,http://image.thehyundai.com/static/7/9/9/52/13/2113529973_0_600.jpg,170990,의류,세트,원피스,없음,타미힐피거(여성)
2132598,TH201,1424519814,[엠씨옴므] 빅사이즈 후드 단추 면 패딩조끼 [MH15S37_NV],http://cdn.011st.com/11dims/resize/300x300/quality/75/11src/pd/20/5/1/9/8/1/4/eDUnF/1424519814_B.jpg,61030,의류,상의,조끼,남성,[주식회사 엠씨마르니] [해당없음]
1183041,ED909,58337896,엠씨옴므 5XL 사이즈 업 러빙 스트라이프 긴팔 티셔츠 MD17S102_G,http://itemimage.cjmall.com/goods_images/58/896/58337896L.jpg?timestamp=20201023032404,28310,의류,상의,티셔츠,남성,주식회사 엠씨마르니
4105175,ED907,2066441918,[하프클럽/puma golf]남성 Tailored 컬러블럭 PK 반팔 티셔츠 5723580,https://imagessl.hyundaihmall.com/static/9/1/44/66/2066441918_0_140.jpg,18610,의류,상의,티셔츠,골프의류,㈜골프존유통(하프클럽)
3314216,EE128,1807995381,[롯데백화점]블랙야크 남여 고어텍스 구스 BN엣지다운자켓 12,http://gdimg1.gmarket.co.kr/goods_image2/large_jpgimg/180/799/1807995381.jpg?ver=11315674872,176900,의류,아우터,점퍼,등산의류,기타
2087971,ED908,63352653,[롯데백화점]헤지스 단색 울 집업니트 (HZSW0D301),http://image.gsshop.com/image/63/35/63352653_L1.jpg,238550,의류,상의,가디건,남성,상세참조
4687689,TN118,1000022888440,[폭스레이싱]신상 사계절용 세트(상의121+하의161)블랙/자전거의류/반팔세트,http://item.ssgcdn.com/40/84/88/item/1000022888440_i1_350.jpg,166131,의류,세트,세트,자전거의류,폭스레이싱
3128776,ED908,54490337,[다나와 7% 추가할인][무스너클] 스틸링 파카 화이트퍼 MK2003LP 527 여자 패딩,http://image.gsshop.com/image/54/49/54490337_L1.jpg,758930,의류,아우터,점퍼,여성,무스너클
3349970,TH201,3092635178,[노스페이스] 비 베러 플리스 자켓 NJ3NL53B,http://cdn.011st.com/11dims/resize/300x300/quality/75/11src/pd/20/6/3/5/1/7/8/aMHUU/3092635178_B.jpg,210700,의류,아우터,점퍼,등산의류,(주)영원아웃도어//(주)영원아웃도어
545325,ED910,5010623002,판도라 by 비비안 망사 자수 헴라인 팬티 ppt 7079,http://openimage.interpark.com/goods_image/3/0/0/2/5010623002s.jpg,6010,의류,언더웨어,여성 팬티,없음,남영비비안
1222939,ED901,1000032152575,[닐바렛] (PBJT489A L530S 1413) 남성 갱스터 반팔 티셔츠 19SS,http://item.ssgcdn.com/75/25/15/item/1000032152575_i1_350.jpg,139944,의류,상의,티셔츠,남성,닐바렛
4057469,ED908,60602457,[나이키]SPORTSWEAR CLUB_AR4997,http://image.gsshop.com/image/60/60/60602457_L1.jpg,19900,의류,상의,티셔츠,스포츠의류,나이키
4022218,TN118,1000033431367,르까프 여성 카라 긴팔티 L292TS401NA,http://item.ssgcdn.com/67/13/43/item/1000033431367_i1_350.jpg,19044,의류,상의,티셔츠,스포츠의류,㈜엘앤케이스포츠
456271,EE715,B865258676,푸마  푸마바디웨어  푸마  18 HIT 남성 면스판 드로즈 3종+랜덤1종 D,http://image.auction.co.kr/itemimage/1c/e0/26/1ce026a640.jpg,24570,의류,언더웨어,남성 팬티,없음,없음
4662774,EE128,1805913577,아디다스(DP3232_AJ5889)에스트로 파르마 저지세트 트,http://gdimg1.gmarket.co.kr/goods_image2/large_jpgimg/180/591/1805913577.jpg,35710,의류,세트,세트,스포츠의류,기타
870733,EE128,1798218006,[신세계백화점]오르시떼 (신세계본점)여성 IV아리아나 반소매 원피스,http://gdimg1.gmarket.co.kr/goods_image2/large_jpgimg/179/821/1798218006.jpg?ver=10989694454,56740,의류,언더웨어,잠옷/홈웨어,없음,㈜캄미어패럴
1963754,TP402,674842987,[스톤아일랜드] 와펜 7115537C4 V0020 남자 울 터틀넥 니트,https://gd.image-gmkt.com/li/856/434/1404434856.g_0-w_g.jpg,0,의류,상의,니트,남성,없음
3071033,TN118,1000028019558,PI0374U 19288 9200 남성패딩,http://item.ssgcdn.com/58/95/01/item/1000028019558_i1_350.jpg,679040,의류,아우터,점퍼,남성,에르노
842565,TN920,1147645186,ST0982 자스민 연브라운 펄지크 C컵 세트 YU0 주 신영와코루,http://image.ticketmonster.co.kr/deals/2018/05/24/1147645186/catlist_3col_v2_25940_3zomu.jpg,41750,의류,언더웨어,여성 세트,없음,없음
4689616,TP40F,P222458486,[AJN_3455910] (상의선택 : L(77) | 하의선택 : S(55)) MCN 디에즈 여성전용 긴팔 긴바지 세트,http://img1a.coupangcdn.com/image/vendor_inventory/8588/84f93fabffffff0eb768310fb5530b1fa694c3320a1ae57650b438000b35.jpg,249490,의류,세트,세트,자전거의류,없음
603506,EE715,B745697812,(PMR-440-2)도트패턴 실켓가공 100순면 니트 3매입 런,http://image.auction.co.kr/itemimage/1a/51/4c/1a514c9090.jpg,19840,의류,언더웨어,남성 런닝,없음,없음
4398840,EE128,1558486456,아디다스 아디다스 티로19 트레이닝 팬츠(D95958) 추리닝바지,http://gdimg1.gmarket.co.kr/goods_image2/large_jpgimg/155/848/1558486456.jpg?ver=8892933773,38530,의류,하의,바지,스포츠의류,기타
2003585,EE715,B887990556,스톤아일랜드 스톤아일랜드  20FW 와펜 크루넥 니트 (7315552A3 V0020),http://image.auction.co.kr/itemimage/1d/70/4d/1d704dd9c0.jpg,317100,의류,상의,니트,남성,없음
3153822,TQB02,1735159269,[카드 5% 할인]몽클레어 (AK몰)(몽클레어(해외명품)) 몽클레어 RHIN 다운자켓 E2 093 4693300 C0064 742,http://image.g9.co.kr/g/1735159269/n,1503600,의류,아우터,점퍼,여성,기타
4565064,ED907,2108822808,뉴발란스반바지 Q SPEED 트랙 반바지 2종 택1 NBNV926012 +할인쿠폰,https://imagessl.hyundaihmall.com/static/8/2/82/08/2108822808_0_140.jpg,45180,의류,하의,바지,스포츠의류,뉴발란스
1911009,TT336E,3770411469,[해외] 스텔라 맥카트니 600347/SOA10 8489 600347/SOA10 8489,https://img019.feelway.com/3770/smallbd80pd3770411469ed1.jpg,917700,의류,상의,셔츠,여성,없음
4658122,TH201,1764802389,푸마(PUMA) BASE 니트 수트 기모(025 03),http://cdn.011st.com/11dims/resize/300x300/quality/75/11src/pd/17/8/0/2/3/8/9/ipBHW/1764802389_B.jpg,80730,의류,세트,세트,스포츠의류,상품페이지참고
3012470,TQB02,1742199619,[카드 5% 할인][홈앤쇼핑]CP컴퍼니 [CP컴퍼니] 08CMOS045A 878 남성 렌즈 자켓,http://image.g9.co.kr/g/1742199619/n,261260,의류,아우터,점퍼,남성,기타
1358049,TQB02,1790834542,[현대백화점]써스데이아일랜드 (현대백화점)[써스데이아일랜드] (T204MTS254) 가든플라워 루즈핏 티셔츠,http://image.g9.co.kr/g/1790834542/n,0,의류,상의,티셔츠,여성,기타
406524,TN118,1000033646085,SCORPIO]아웃밴드폴리스판즈로즈3매입[SCR6902],http://item.ssgcdn.com/85/60/64/item/1000033646085_i1_350.jpg,41967,의류,언더웨어,남성 팬티,없음,BYC
754982,TH201,2365602225,리바이스바디웨어 이모지 캐릭 여브라/PK LSWBU563 (LSWBU563),http://cdn.011st.com/11dims/resize/300x300/quality/75/11src/pd/20/6/0/2/2/2/5/LxLyS/2365602225_B.jpg,0,의류,언더웨어,여성 브래지어,없음,좋은사람들
1998278,EE128,1677495487,CP컴퍼니 (AK몰)(CP컴퍼니(행사))(씨피컴퍼니)렌즈와펜 절개라인 니트/07CMKN064A 005504A 999,http://gdimg1.gmarket.co.kr/goods_image2/large_jpgimg/167/749/1677495487.jpg?ver=11227392255,289120,의류,상의,니트,남성,기타
414947,TFC02,P065902716,[좋은사람들] [좋은사람들 HY] 뉴로고블랙밴드드로즈 LSMDV960WN,http://image.halfclub.com/Images_Product/DefaultZoom/YL!/P065902716.jpg,20000,의류,언더웨어,남성 팬티,없음,인터파크(가산현대아울렛)
4517227,ED910,6992254916,[롯데아이몰][뉴발란스] 여성  임팩트 타이츠 NBNS846662-19 블랙,http://openimage.interpark.com/goods_image/4/9/1/6/6992254916s.jpg,47480,의류,하의,바지,스포츠의류,뉴발란스
1760929,EE128,1783686765,솔리드 셔츠 MS06 화이트 남성정장셔츠 긴팔와이셔츠,http://gdimg1.gmarket.co.kr/goods_image2/large_jpgimg/178/368/1783686765.jpg,14990,의류,상의,셔츠,남성,기타
758743,EE128,1771110231,WIRELESS 브라 365-828 DJ5/ 빅토리아시크릿,http://gdimg1.gmarket.co.kr/goods_image2/large_jpgimg/177/111/1771110231.jpg?ver=11178634662,90940,의류,언더웨어,여성 브래지어,없음,기타
3985762,TH201,2851876407,[대구백화점 II관] [미즈노]스몰 로고 반팔 티셔츠(32YA915311),http://cdn.011st.com/11dims/resize/300x300/quality/75/11src/pd/20/8/7/6/4/0/7/zTYTA/2851876407_B.jpg,11920,의류,상의,티셔츠,스포츠의류,한국미즈노 주식회사
4444600,TH201,2561633933,[현대백화점]케이스위스4219OF313  남성스판져지트레이닝바지헬스각종운동복바지,http://cdn.011st.com/11dims/resize/300x300/quality/75/11src/pd/20/6/3/3/9/3/3/wzBZj/2561633933_B.jpg,27810,의류,하의,바지,스포츠의류,화승
627222,TN729,975414697_975414697,(BYC)남성 순면 민소매 골런닝(C2113),https://view01.wemep.co.kr/wmp-product/7/469/975414697/pm_jkxjoo9sh79d.jpg,0,의류,언더웨어,남성 런닝,없음,없음
3980751,TFC02,P075703493,[푸마_롯데은평] 롯데몰 푸마 오버사이즈 후디 PUMA Oversize Hoody 898723_EP,http://image.halfclub.com/Images_Product/DefaultZoom/7Q4/P075703493.jpg,38220,의류,상의,티셔츠,스포츠의류,(주)와이엠인터내셔널_롯데몰
559633,EE715,B802143808,트라이  소프트 면스판 세미맥시,http://image.auction.co.kr/itemimage/1b/77/6f/1b776f0cf0.jpg,2210,의류,언더웨어,여성 팬티,없음,없음
1204078,TP40F,P1523723459,[스톤아일랜드] 로고 패치 721522713 V0029 남자 긴팔티셔츠,http://img1a.coupangcdn.com/image/vendor_inventory/910f/a65bf70cc6763195a0609a7435ffebaf8de3633c37147acbfc77549bbc05.jpg,209700,의류,상의,티셔츠,남성,없음
443224,EE715,B858861042,이탈트라이크 (현대Hmall) 트라이 홈쇼핑방송 남성 에어로쿨 드로즈팬티 9종+2종 총11종(004),http://image.auction.co.kr/itemimage/1c/b8/a7/1cb8a70f50.jpg,40600,의류,언더웨어,남성 팬티,없음,없음
1620367,EE715,B853368432,버커루 버커루 NC06 유니 피그다잉 포켓 슬릿넥T 02TS030 (5468622),http://image.auction.co.kr/itemimage/1c/94/63/1c9463acd0.jpg,0,의류,상의,티셔츠,남녀공용,버커루
1856525,TP90D,2102855991,[현대백화점] [다나와 8추가할인][KB국민카드5%할인~10/20][타미힐피거 여성 천호]T22A1WSH060WT2 린넨 베이직 솔리드 셔츠 [20SS NEW ARRIVALS] TOMMY HILFIGER +할인쿠폰 +무이자3개월,http://image.thehyundai.com/static/9/9/5/85/02/2102855991_0_600.JPG,0,의류,상의,셔츠,여성,(주) 한섬
584664,EE715,B817830560,[AK플라자]엘르이너웨어 (AK플라자)엘르이너 크리즈플라워레이스팬티 EPP10064 WH,http://image.auction.co.kr/itemimage/1b/c5/5c/1bc55cc3b0.jpg,9970,의류,언더웨어,여성 팬티,없음,없음
